{"cameraMode":{"drawMode":0,"name":"Shaded","section":"Shading Mode"},"sceneLighting":false,"audioPlay":false,"sceneViewState":{"m_AlwaysRefresh":false,"showFog":true,"showSkybox":false,"showFlares":true,"showImageEffects":true,"showParticleSystems":true,"showVisualEffectGraphs":true,"m_FxEnabled":true},"in2DMode":false,"pivot":{"x":0.013730645179748536,"y":-0.899524450302124,"z":-0.6283277273178101},"rotation":{"x":0.13576214015483857,"y":-0.7899489998817444,"z":0.18904711306095124,"w":0.5672928690910339},"size":1.5041606426239014,"orthographic":true}